Frequency_(MHz),VSWR_Test_1,VSWR_Test_2,VSWR_Test_3,VSWR_Test_4,VSWR_Test_5,VSWR_Test_6,VSWR_Test_7,VSWR_Test_8,VSWR_Test_9,VSWR_Test_10,VSWR_Test_11,VSWR_Test_12,VSWR_Test_13,VSWR_Test_14,VSWR_Test_15,VSWR_Test_16,VSWR_Test_17,VSWR_Test_18,VSWR_Test_19
100.00,100.00,100.00,100.00,100.00,100.00,100.00,100.00,100.00,100.00,100.00,0.00,0.00,0.00,0.00,100.00,100.00,100.00,100.00,100.00
105.00,100.00,100.00,100.00,100.00,100.00,100.00,100.00,100.00,100.00,100.00,0.00,0.00,0.00,0.00,100.00,100.00,100.00,100.00,100.00
110.00,100.00,100.00,100.00,100.00,100.00,100.00,100.00,100.00,100.00,100.00,0.00,0.00,0.00,0.00,100.00,100.00,100.00,100.00,100.00
116.00,100.00,100.00,100.00,0.00,100.00,100.00,100.00,100.00,100.00,100.00,0.00,0.00,0.00,0.00,100.00,100.00,100.00,100.00,100.00
122.00,100.00,100.00,100.00,0.00,100.00,100.00,100.00,100.00,100.00,100.00,0.00,0.00,0.00,0.00,100.00,100.00,100.00,100.00,100.00
128.00,100.00,100.00,100.00,0.00,100.00,0.00,0.00,100.00,100.00,100.00,0.00,0.00,0.00,0.00,100.00,100.00,100.00,100.00,100.00
134.00,100.00,100.00,100.00,0.00,100.00,0.00,0.00,100.00,100.00,100.00,0.00,0.00,0.00,0.00,100.00,100.00,100.00,100.00,100.00
141.00,100.00,100.00,0.00,0.00,100.00,0.00,0.00,100.00,100.00,100.00,0.00,0.00,0.00,0.00,100.00,100.00,100.00,100.00,100.00
148.00,100.00,100.00,0.00,0.00,100.00,0.00,0.00,100.00,100.00,100.00,0.00,0.00,0.00,0.00,100.00,100.00,100.00,100.00,100.00
155.00,100.00,100.00,0.00,0.00,100.00,0.00,0.00,100.00,100.00,100.00,0.00,0.00,0.00,0.00,100.00,100.00,100.00,100.00,100.00
163.00,100.00,100.00,0.00,0.00,100.00,0.00,0.00,100.00,100.00,100.00,0.00,0.00,0.00,0.00,100.00,100.00,100.00,100.00,100.00
171.00,100.00,100.00,0.00,0.00,100.00,0.00,0.00,100.00,100.00,100.00,0.00,0.00,0.00,0.00,100.00,100.00,100.00,100.00,100.00
180.00,100.00,100.00,0.00,0.00,100.00,0.00,0.00,100.00,100.00,100.00,0.00,0.00,0.00,0.00,100.00,100.00,100.00,100.00,100.00
189.00,100.00,100.00,0.00,0.00,100.00,0.00,0.00,100.00,100.00,100.00,0.00,0.00,0.00,0.00,100.00,100.00,100.00,100.00,100.00
198.00,100.00,100.00,0.00,0.00,100.00,0.00,0.00,100.00,100.00,100.00,0.00,0.00,0.00,0.00,100.00,100.00,100.00,100.00,100.00
208.00,100.00,100.00,0.00,0.00,100.00,0.00,0.00,100.00,100.00,100.00,0.00,0.00,0.00,0.00,100.00,100.00,100.00,100.00,100.00
218.00,100.00,100.00,0.00,0.00,100.00,0.00,0.00,100.00,100.00,100.00,0.00,0.00,0.00,0.00,100.00,100.00,100.00,100.00,100.00
229.00,100.00,100.00,0.00,0.00,100.00,0.00,0.00,100.00,100.00,100.00,0.00,0.00,0.00,0.00,100.00,100.00,86.79,100.00,100.00
241.00,77.80,100.00,0.00,0.00,0.00,0.00,0.00,100.00,86.30,100.00,0.00,0.00,0.00,0.00,100.00,86.73,78.50,100.00,100.00
253.00,69.74,100.00,0.00,0.00,0.00,0.00,0.00,100.00,80.02,100.00,0.00,0.00,0.00,0.00,81.90,80.76,76.16,100.00,100.00
265.00,62.82,100.00,0.00,0.00,0.00,0.00,0.00,100.00,78.41,0.00,0.00,0.00,0.00,0.00,81.73,75.35,72.22,100.00,100.00
279.00,56.98,83.56,0.00,0.00,0.00,0.00,0.00,100.00,71.23,0.00,0.00,0.00,0.00,0.00,74.59,73.96,67.63,100.00,100.00
293.00,53.09,70.55,0.00,0.00,0.00,0.00,0.00,100.00,68.06,0.00,0.00,0.00,0.00,0.00,69.98,69.98,64.76,100.00,100.00
307.00,47.92,63.97,0.00,0.00,0.00,0.00,0.00,100.00,64.93,0.00,0.00,0.00,0.00,0.00,67.71,64.69,60.00,100.00,100.00
323.00,43.98,58.87,0.00,0.00,0.00,0.00,0.00,100.00,62.25,0.00,0.00,0.00,0.00,0.00,65.04,61.37,58.48,100.00,100.00
339.00,40.82,52.87,0.00,0.00,0.00,0.00,0.00,100.00,60.40,0.00,0.00,0.00,0.00,0.00,60.82,59.17,55.57,100.00,100.00
356.00,37.01,46.77,0.00,0.00,0.00,0.00,0.00,100.00,56.50,0.00,0.00,0.00,0.00,0.00,58.20,55.77,53.05,100.00,100.00
373.00,34.18,43.29,0.00,0.00,0.00,0.00,0.00,100.00,53.57,0.00,0.00,0.00,0.00,0.00,54.75,53.57,51.35,100.00,100.00
392.00,31.29,38.93,0.00,0.00,0.00,0.00,0.00,100.00,49.88,0.00,0.00,0.00,0.00,0.00,52.28,50.75,47.82,100.00,100.00
412.00,28.62,35.37,0.00,0.00,0.00,0.00,0.00,100.00,49.04,0.00,0.00,0.00,0.00,0.00,49.32,48.63,45.69,100.00,100.00
432.00,26.37,32.59,0.00,0.00,0.00,0.00,0.00,100.00,45.71,0.00,0.00,0.00,0.00,0.00,46.69,45.00,42.78,100.00,100.00
454.00,24.37,29.35,0.00,0.00,0.00,0.00,0.00,83.04,44.07,0.00,0.00,0.00,0.00,0.00,45.46,42.88,41.45,100.00,84.25
476.00,22.77,27.35,0.00,0.00,0.00,0.00,0.00,74.11,42.03,0.00,0.00,0.00,0.00,0.00,42.54,40.75,40.00,84.57,79.54
500.00,20.95,24.83,0.00,0.00,0.00,0.00,0.00,70.06,39.95,0.00,0.00,0.00,0.00,0.00,40.32,38.53,36.51,76.88,73.93
525.00,19.53,22.66,0.00,0.00,0.00,0.00,0.00,66.76,0.00,0.00,0.00,0.00,0.00,0.00,38.51,36.87,35.81,71.13,71.13
552.00,17.91,20.84,0.00,0.00,0.00,0.00,0.00,58.86,0.00,0.00,0.00,0.00,0.00,0.00,36.34,35.09,33.22,64.79,63.60
579.00,16.71,19.22,0.00,0.00,0.00,0.00,0.00,57.77,0.00,0.00,0.00,0.00,0.00,0.00,34.43,33.82,32.50,62.78,62.33
608.00,15.32,17.60,0.00,0.00,0.00,0.00,0.00,52.66,0.00,0.00,0.00,0.00,0.00,0.00,32.43,31.20,29.86,57.74,56.43
639.00,13.65,15.40,0.00,0.00,0.00,0.00,0.00,43.29,0.00,0.00,0.00,0.00,0.00,0.00,28.52,27.88,26.68,45.80,45.20
670.00,12.50,14.17,0.00,0.00,0.00,0.00,0.00,39.75,0.00,0.00,0.00,0.00,0.00,0.00,26.77,26.21,24.93,43.64,41.55
704.00,11.62,13.13,0.00,0.00,0.00,0.00,0.00,38.41,0.00,0.00,0.00,0.00,0.00,0.00,25.77,25.21,23.90,41.44,40.57
739.00,10.91,12.22,0.00,0.00,0.00,0.00,0.00,36.34,0.00,0.00,0.00,0.00,0.00,0.00,24.51,23.68,22.69,39.12,38.86
776.00,10.14,11.27,0.00,0.00,0.00,0.00,0.00,34.57,0.00,0.00,0.00,0.00,0.00,0.00,23.69,22.70,21.88,37.64,37.24
815.00,9.34,10.26,0.00,0.00,0.00,0.00,0.00,31.07,0.00,0.00,0.00,0.00,0.00,0.00,21.64,20.69,20.07,33.79,33.47
856.00,8.64,9.46,0.00,0.00,0.00,0.00,0.00,28.95,0.00,0.00,0.00,0.00,0.00,0.00,20.37,19.57,18.77,31.52,31.35
899.00,7.97,8.69,0.00,0.00,0.00,0.00,0.00,25.96,0.00,0.00,0.00,0.00,0.00,0.00,18.67,18.07,17.45,28.66,28.33
943.00,7.44,8.03,0.00,0.00,0.00,0.00,0.00,24.77,0.00,0.00,0.00,0.00,0.00,0.00,17.97,17.28,16.49,27.47,26.71
991.00,6.88,7.45,0.00,0.00,0.00,0.00,0.00,22.65,0.00,0.00,0.00,0.00,0.00,0.00,16.65,15.91,15.36,24.64,24.33
1040.00,6.37,6.89,0.00,0.00,0.00,0.00,0.00,20.70,0.00,0.00,0.00,0.00,0.00,0.00,15.28,14.71,14.15,22.73,22.32
1092.00,5.89,6.34,0.00,0.00,0.00,0.00,0.00,19.04,0.00,0.00,0.00,0.00,0.00,0.00,13.92,13.42,12.90,20.60,20.15
1147.00,5.46,5.86,0.00,0.00,0.00,0.00,0.00,17.05,0.00,0.00,0.00,0.00,0.00,0.00,12.92,12.45,11.92,18.79,18.53
1204.00,5.07,5.43,0.00,0.00,0.00,0.00,0.00,15.67,0.00,0.00,0.00,0.00,0.00,0.00,11.80,11.33,10.95,17.01,16.90
1264.00,4.72,5.03,0.00,0.00,0.00,0.00,0.00,14.24,0.00,0.00,0.00,0.00,0.00,0.00,10.90,10.57,10.13,15.49,15.38
1327.00,4.39,4.66,0.00,0.00,0.00,0.00,0.00,12.97,0.00,0.00,0.00,0.00,0.00,0.00,10.04,9.73,9.34,14.18,13.86
1394.00,4.10,4.33,0.00,0.00,0.00,0.00,0.00,11.79,0.00,0.00,0.00,0.00,0.00,0.00,9.27,8.98,8.71,12.85,12.57
1464.00,3.83,4.03,0.00,0.00,0.00,0.00,0.00,10.72,0.00,0.00,0.00,0.00,0.00,0.00,8.67,8.38,8.10,11.71,11.55
1537.00,3.58,3.76,0.00,0.00,0.00,0.00,0.00,9.88,0.00,0.00,0.00,0.00,0.00,0.00,8.03,7.78,7.54,10.71,10.50
1614.00,3.37,3.53,0.00,0.00,0.00,0.00,0.00,0.00,0.00,0.00,0.00,0.00,0.00,0.00,7.54,7.30,7.10,9.81,9.69
1694.00,3.17,3.31,0.00,0.00,0.00,0.00,0.00,0.00,0.00,0.00,0.00,0.00,0.00,0.00,6.99,6.85,6.67,8.99,8.91
1779.00,2.99,3.11,0.00,0.00,0.00,0.00,0.00,0.00,0.00,0.00,0.00,0.00,0.00,0.00,6.61,6.47,6.32,8.39,8.30
1868.00,2.83,2.94,0.00,0.00,0.00,0.00,0.00,0.00,0.00,0.00,0.00,0.00,0.00,0.00,6.27,6.12,5.98,7.81,7.70
1961.00,2.69,2.78,0.00,0.00,0.00,0.00,0.00,0.00,0.00,0.00,0.00,0.00,0.00,0.00,5.96,5.84,5.71,7.28,7.23
2059.00,2.57,2.64,0.00,0.00,0.00,0.00,0.00,0.00,0.00,0.00,0.00,0.00,0.00,0.00,5.69,5.59,5.49,6.86,6.79
2162.00,2.45,2.51,0.00,0.00,0.00,0.00,0.00,0.00,0.00,0.00,0.00,0.00,0.00,0.00,5.44,5.36,5.26,6.45,6.39
2270.00,2.35,2.40,0.00,0.00,0.00,0.00,0.00,0.00,0.00,0.00,0.00,0.00,0.00,0.00,5.23,5.16,5.07,6.12,6.08
2384.00,2.25,2.30,0.00,0.00,0.00,0.00,0.00,0.00,0.00,0.00,0.00,0.00,0.00,0.00,5.04,4.99,4.91,5.81,5.78
2503.00,2.17,2.20,0.00,0.00,0.00,0.00,0.00,0.00,0.00,0.00,0.00,0.00,0.00,0.00,4.88,4.82,4.75,5.56,5.52
2628.00,2.09,2.12,0.00,0.00,0.00,0.00,0.00,0.00,0.00,0.00,0.00,0.00,0.00,0.00,4.70,4.66,4.60,5.30,5.29
2760.00,2.02,2.05,0.00,0.00,0.00,0.00,0.00,0.00,0.00,0.00,0.00,0.00,0.00,0.00,4.57,4.53,4.49,5.08,5.07
2898.00,1.96,1.98,0.00,0.00,0.00,0.00,0.00,0.00,0.00,0.00,0.00,0.00,0.00,0.00,4.42,4.40,4.36,4.91,4.90
3043.00,1.91,1.93,0.00,0.00,0.00,0.00,0.00,0.00,0.00,0.00,0.00,0.00,0.00,0.00,4.29,4.27,4.25,4.74,4.74
3195.00,1.86,1.87,0.00,0.00,0.00,0.00,0.00,0.00,0.00,0.00,0.00,0.00,0.00,0.00,4.20,4.19,4.17,4.61,4.62
3355.00,1.82,1.83,0.00,0.00,0.00,0.00,0.00,0.00,0.00,0.00,0.00,0.00,0.00,0.00,4.12,4.11,4.09,4.48,4.49
3522.00,1.78,1.79,0.00,0.00,0.00,0.00,0.00,0.00,0.00,0.00,0.00,0.00,0.00,0.00,4.05,4.05,4.03,4.38,4.41
3698.00,1.75,1.75,0.00,0.00,0.00,0.00,0.00,0.00,0.00,0.00,0.00,0.00,0.00,0.00,4.00,4.01,4.00,4.29,4.31
3883.00,1.72,1.72,0.00,0.00,0.00,0.00,0.00,0.00,0.00,0.00,0.00,0.00,0.00,0.00,3.93,3.96,3.96,4.20,4.23
4077.00,1.69,1.69,0.00,0.00,0.00,0.00,0.00,0.00,0.00,0.00,0.00,0.00,0.00,0.00,3.90,3.93,3.93,4.12,4.16
4281.00,1.67,1.67,0.00,0.00,0.00,0.00,0.00,0.00,0.00,0.00,0.00,0.00,0.00,0.00,3.87,3.91,3.92,4.06,4.11
4495.00,1.66,1.66,0.00,0.00,0.00,0.00,0.00,0.00,0.00,0.00,0.00,0.00,0.00,0.00,3.84,3.89,3.89,4.00,4.07
4720.00,1.64,1.64,0.00,0.00,0.00,0.00,0.00,0.00,0.00,0.00,0.00,0.00,0.00,0.00,3.83,3.88,3.89,3.96,4.05
4956.00,1.63,1.63,0.00,0.00,0.00,0.00,0.00,0.00,0.00,0.00,0.00,0.00,0.00,0.00,3.81,3.90,3.91,3.93,4.04
5204.00,1.63,1.63,0.00,0.00,0.00,0.00,0.00,0.00,0.00,0.00,0.00,0.00,0.00,0.00,3.81,3.94,3.96,3.91,4.05
5464.00,1.63,1.63,0.00,0.00,0.00,0.00,0.00,0.00,0.00,0.00,0.00,0.00,0.00,0.00,3.84,4.01,4.04,3.92,4.08
5737.00,1.63,1.63,0.00,0.00,0.00,0.00,0.00,0.00,0.00,0.00,0.00,0.00,0.00,0.00,3.92,4.13,4.16,3.94,4.16
6024.00,1.64,1.63,0.00,0.00,0.00,0.00,0.00,0.00,0.00,0.00,0.00,0.00,0.00,0.00,4.02,4.34,4.39,3.96,4.25
6325.00,1.64,1.64,0.00,0.00,0.00,0.00,0.00,0.00,0.00,0.00,0.00,0.00,0.00,0.00,4.15,4.62,4.69,3.97,4.36
6642.00,1.65,1.64,0.00,0.00,0.00,0.00,0.00,0.00,0.00,0.00,0.00,0.00,0.00,0.00,4.17,4.70,4.76,3.96,4.44
6974.00,1.65,1.64,0.00,0.00,0.00,0.00,0.00,0.00,0.00,0.00,0.00,0.00,0.00,0.00,4.03,4.62,4.68,3.88,4.48
7322.00,1.65,1.64,0.00,0.00,0.00,0.00,0.00,0.00,0.00,0.00,0.00,0.00,0.00,0.00,3.86,4.55,4.62,3.75,4.50
7689.00,1.64,1.64,0.00,0.00,0.00,0.00,0.00,0.00,0.00,0.00,0.00,0.00,0.00,0.00,3.72,4.53,4.61,3.63,4.50
8073.00,1.63,1.63,0.00,0.00,0.00,0.00,0.00,0.00,0.00,0.00,0.00,0.00,0.00,0.00,3.60,4.49,4.57,3.53,4.48
8477.00,1.61,1.61,0.00,0.00,0.00,0.00,0.00,0.00,0.00,0.00,0.00,0.00,0.00,0.00,3.52,4.40,4.49,3.44,4.42
8901.00,1.59,1.59,0.00,0.00,0.00,0.00,0.00,0.00,0.00,0.00,0.00,0.00,0.00,0.00,3.47,4.31,4.41,3.39,4.35
9346.00,1.57,1.57,0.00,0.00,0.00,0.00,0.00,0.00,0.00,0.00,0.00,0.00,0.00,0.00,3.44,4.22,4.32,3.37,4.26
9813.00,1.54,1.54,0.00,0.00,0.00,0.00,0.00,0.00,0.00,0.00,0.00,0.00,0.00,0.00,3.45,4.14,4.25,3.38,4.20
10303.00,1.52,1.51,0.00,0.00,0.00,0.00,0.00,0.00,0.00,0.00,0.00,0.00,0.00,0.00,3.47,4.09,4.21,3.41,4.15
10819.00,1.49,1.49,0.00,0.00,0.00,0.00,0.00,0.00,0.00,0.00,0.00,0.00,0.00,0.00,3.53,4.06,4.20,3.47,4.16
11360.00,1.47,1.47,0.00,0.00,0.00,0.00,0.00,0.00,0.00,0.00,0.00,0.00,0.00,0.00,3.59,4.06,4.20,3.53,4.19
11928.00,1.45,1.45,0.00,0.00,0.00,0.00,0.00,0.00,0.00,0.00,0.00,0.00,0.00,0.00,3.66,4.13,4.30,3.62,4.25
12524.00,1.44,1.44,0.00,0.00,0.00,0.00,0.00,0.00,0.00,0.00,0.00,0.00,0.00,0.00,3.73,4.22,4.44,3.70,4.32
13150.00,1.44,1.44,0.00,0.00,0.00,0.00,0.00,0.00,0.00,0.00,0.00,0.00,0.00,0.00,3.81,4.35,4.65,3.79,4.42
13808.00,1.45,1.45,0.00,0.00,0.00,0.00,0.00,0.00,0.00,0.00,0.00,0.00,0.00,0.00,3.96,4.38,4.96,3.92,4.53
14498.00,1.48,1.47,0.00,0.00,0.00,0.00,0.00,0.00,0.00,0.00,0.00,0.00,0.00,0.00,4.19,4.39,4.83,4.11,4.61
15223.00,1.52,1.51,0.00,0.00,0.00,0.00,0.00,0.00,0.00,0.00,0.00,0.00,0.00,0.00,4.55,4.61,4.73,4.37,4.72
15984.00,1.57,1.56,0.00,0.00,0.00,0.00,0.00,0.00,0.00,0.00,0.00,0.00,0.00,0.00,4.88,4.38,4.47,4.60,4.77
16783.00,1.61,1.60,0.00,0.00,0.00,0.00,0.00,0.00,0.00,0.00,0.00,0.00,0.00,0.00,5.03,4.51,4.42,4.76,4.57
17622.00,1.63,1.62,0.00,0.00,0.00,0.00,0.00,0.00,0.00,0.00,0.00,0.00,0.00,0.00,4.78,4.74,4.87,4.74,4.06
18504.00,1.63,1.63,0.00,0.00,0.00,0.00,0.00,0.00,0.00,0.00,0.00,0.00,0.00,0.00,4.57,4.56,4.80,4.63,3.70
19429.00,1.62,1.62,0.00,0.00,0.00,0.00,0.00,0.00,0.00,0.00,0.00,0.00,0.00,0.00,4.44,4.30,4.61,4.46,3.97
20400.00,1.60,1.60,0.00,0.00,0.00,0.00,0.00,0.00,0.00,0.00,0.00,0.00,0.00,0.00,4.30,4.01,4.32,4.23,4.11
21420.00,1.56,1.56,0.00,0.00,0.00,0.00,0.00,0.00,0.00,0.00,0.00,0.00,0.00,0.00,3.58,3.23,3.59,3.52,3.37
22491.00,1.51,1.51,0.00,0.00,0.00,0.00,0.00,0.00,0.00,0.00,0.00,0.00,0.00,0.00,4.01,3.39,3.32,3.83,3.07
23616.00,1.47,1.47,0.00,0.00,0.00,0.00,0.00,0.00,0.00,0.00,0.00,0.00,0.00,0.00,4.16,3.53,3.39,4.03,3.21
24797.00,1.47,1.47,0.00,0.00,0.00,0.00,0.00,0.00,0.00,0.00,0.00,0.00,0.00,0.00,4.18,3.51,3.28,4.05,3.18
26036.00,1.52,1.52,0.00,0.00,0.00,0.00,0.00,0.00,0.00,0.00,0.00,0.00,0.00,0.00,4.15,3.46,3.14,4.06,3.24
27338.00,1.59,1.59,0.00,0.00,0.00,0.00,0.00,0.00,0.00,0.00,0.00,0.00,0.00,0.00,4.13,3.49,3.16,3.92,3.36
28705.00,1.66,1.66,0.00,0.00,0.00,0.00,0.00,0.00,0.00,0.00,0.00,0.00,0.00,0.00,3.91,3.45,3.15,3.60,3.41
30140.00,1.70,1.70,0.00,0.00,0.00,0.00,0.00,0.00,0.00,0.00,0.00,0.00,0.00,0.00,3.43,3.21,3.04,2.98,3.28
31647.00,1.67,1.66,0.00,0.00,0.00,0.00,0.00,0.00,0.00,0.00,0.00,0.00,0.00,0.00,2.65,2.82,2.84,2.11,2.86
33230.00,1.58,1.58,0.00,0.00,0.00,0.00,0.00,0.00,0.00,0.00,0.00,0.00,0.00,0.00,1.80,2.22,2.46,1.45,2.59
34891.00,1.47,1.47,0.00,0.00,0.00,0.00,0.00,0.00,0.00,0.00,0.00,0.00,0.00,0.00,1.40,1.82,2.25,1.79,2.44
36636.00,1.44,1.44,0.00,0.00,0.00,0.00,0.00,0.00,0.00,0.00,0.00,0.00,0.00,0.00,2.00,1.61,2.22,2.94,2.43
38468.00,1.52,1.52,0.00,0.00,0.00,0.00,0.00,0.00,0.00,0.00,0.00,0.00,0.00,0.00,3.20,1.64,2.14,4.40,2.34
40391.00,1.64,1.64,0.00,0.00,0.00,0.00,0.00,0.00,0.00,0.00,0.00,0.00,0.00,0.00,4.71,2.41,2.47,6.16,2.72
42410.00,1.70,1.70,0.00,0.00,0.00,0.00,0.00,0.00,0.00,0.00,0.00,0.00,0.00,0.00,5.46,3.61,3.72,7.89,4.04
44531.00,1.60,1.60,0.00,0.00,0.00,0.00,0.00,0.00,0.00,0.00,0.00,0.00,0.00,0.00,6.09,1.91,4.64,6.22,5.11
46758.00,1.47,1.47,0.00,0.00,0.00,0.00,0.00,0.00,0.00,0.00,0.00,0.00,0.00,0.00,3.88,2.41,2.12,2.10,4.23
49095.00,1.45,1.45,0.00,0.00,0.00,0.00,0.00,0.00,0.00,0.00,0.00,0.00,0.00,0.00,4.92,3.45,5.28,4.74,2.36
51550.00,1.57,1.57,0.00,0.00,0.00,0.00,0.00,0.00,0.00,0.00,0.00,0.00,0.00,0.00,3.67,4.55,6.60,4.91,6.38
54128.00,1.62,1.62,0.00,0.00,0.00,0.00,0.00,0.00,0.00,0.00,0.00,0.00,0.00,0.00,2.40,6.42,7.23,2.41,7.96
56834.00,1.48,1.48,0.00,0.00,0.00,0.00,0.00,0.00,0.00,0.00,0.00,0.00,0.00,0.00,4.40,6.21,2.80,3.70,3.94
59676.00,1.40,1.40,0.00,0.00,0.00,0.00,0.00,0.00,0.00,0.00,0.00,0.00,0.00,0.00,4.60,5.81,3.50,5.00,2.85
62660.00,1.54,1.54,0.00,0.00,0.00,0.00,0.00,0.00,0.00,0.00,0.00,0.00,0.00,0.00,5.17,6.32,6.10,5.94,5.55
65793.00,1.61,1.60,0.00,0.00,0.00,0.00,0.00,0.00,0.00,0.00,0.00,0.00,0.00,0.00,7.72,8.47,8.38,6.42,8.24
69082.00,1.39,1.39,0.00,0.00,0.00,0.00,0.00,0.00,0.00,0.00,0.00,0.00,0.00,0.00,7.23,7.23,7.28,7.20,7.36
72536.00,1.33,1.33,0.00,0.00,0.00,0.00,0.00,0.00,0.00,0.00,0.00,0.00,0.00,0.00,6.42,6.41,6.40,6.11,6.17
76163.00,1.60,1.60,0.00,0.00,0.00,0.00,0.00,0.00,0.00,0.00,0.00,0.00,0.00,0.00,10.04,10.06,9.93,9.99,10.06
79971.00,1.47,1.47,0.00,0.00,0.00,0.00,0.00,0.00,0.00,0.00,0.00,0.00,0.00,0.00,9.32,9.21,9.29,8.96,8.96
83970.00,1.23,1.23,0.00,0.00,0.00,0.00,0.00,0.00,0.00,0.00,0.00,0.00,0.00,0.00,6.09,6.06,6.03,6.08,6.08
88168.00,1.52,1.52,0.00,0.00,0.00,0.00,0.00,0.00,0.00,0.00,0.00,0.00,0.00,0.00,9.75,9.70,9.82,9.76,9.85
92577.00,1.41,1.41,0.00,0.00,0.00,0.00,0.00,0.00,0.00,0.00,0.00,0.00,0.00,0.00,8.34,8.40,8.29,8.30,8.30
97206.00,1.31,1.31,0.00,0.00,0.00,0.00,0.00,0.00,0.00,0.00,0.00,0.00,0.00,0.00,6.47,6.21,6.60,6.49,6.52
100000.00,1.51,1.51,0.00,0.00,10.23,9.98,0.00,10.63,11.29,10.70,10.10,10.11,10.01,9.29,9.34,9.74,9.97,9.59,10.31
102000.00,1.52,1.52,0.00,0.00,8.57,8.72,9.97,10.00,9.91,10.00,9.10,8.96,9.02,8.04,7.87,8.88,9.19,8.30,9.60
104040.00,1.44,1.44,0.00,0.00,5.94,5.94,8.55,8.52,8.47,8.46,7.66,7.17,7.45,5.96,5.62,7.31,7.84,6.12,7.87
106121.00,1.30,1.30,0.00,0.00,3.62,3.61,6.86,6.77,6.79,6.72,6.00,5.56,5.85,3.94,3.55,5.79,6.35,4.15,6.31
108243.00,1.29,1.29,0.00,0.00,3.46,3.46,6.37,6.26,6.38,6.26,5.21,4.83,5.02,2.75,2.54,5.25,5.93,3.00,5.91
110408.00,1.45,1.45,0.00,0.00,5.23,5.28,8.11,8.21,8.05,8.14,5.16,4.35,5.10,3.17,3.24,5.99,7.21,2.12,7.49
112616.00,1.56,1.56,0.00,0.00,7.74,7.81,8.96,8.86,8.55,8.55,3.84,2.93,4.03,4.68,4.73,5.87,7.35,2.23,7.03
114869.00,1.50,1.50,0.00,0.00,7.82,7.83,6.35,6.18,5.83,5.64,2.39,1.72,2.58,5.33,5.48,3.99,5.00,2.78,4.00
117166.00,1.33,1.33,0.00,0.00,6.34,6.32,4.53,4.30,4.05,3.94,1.71,1.82,1.88,5.06,5.22,2.35,3.22,3.47,2.48
119509.00,1.27,1.27,0.00,0.00,5.49,5.54,3.45,3.38,3.03,3.03,2.60,2.89,2.76,4.53,4.42,2.76,1.81,3.64,3.28
121899.00,1.50,1.50,0.00,0.00,8.36,8.35,1.92,1.92,1.70,1.69,4.38,4.52,4.60,4.50,5.44,1.97,3.20,4.94,2.09
124337.00,1.70,1.70,0.00,0.00,9.19,9.06,1.77,1.74,1.89,1.87,7.31,6.78,7.61,8.68,9.37,1.44,1.03,7.53,1.77
126824.00,1.65,1.65,0.00,0.00,1.10,1.09,4.03,3.97,3.95,3.85,7.15,4.48,8.09,9.04,9.52,2.25,2.87,8.55,3.66
129361.00,1.38,1.38,0.00,0.00,4.14,4.13,4.38,4.32,4.34,4.28,5.26,4.65,5.33,5.17,5.35,2.65,3.55,5.31,3.96
131948.00,1.30,1.30,0.00,0.00,3.80,3.80,3.49,3.48,3.68,3.68,4.23,3.47,3.90,3.64,4.79,2.63,3.19,3.48,3.15
134587.00,1.60,1.60,0.00,0.00,3.93,2.91,3.67,3.53,4.61,4.59,2.78,2.29,6.47,2.47,3.30,2.82,2.35,2.89,2.25
137279.00,1.84,1.84,0.00,0.00,9.08,9.14,7.55,7.34,8.67,8.62,2.78,5.91,12.22,3.30,2.50,3.10,2.79,6.06,3.69
140024.00,1.61,1.61,0.00,0.00,5.79,5.88,5.38,5.34,6.15,6.24,2.14,5.72,6.06,4.25,3.78,5.03,4.86,3.58,5.21
142825.00,1.36,1.36,0.00,0.00,4.10,4.08,3.47,3.41,4.08,4.08,3.15,3.73,3.11,4.38,4.29,3.91,3.83,4.32,3.85
145681.00,1.52,1.52,0.00,0.00,6.11,5.90,3.09,3.05,4.15,4.15,3.75,2.85,1.42,5.73,5.76,4.14,4.18,5.41,4.01
148595.00,1.80,1.80,0.00,0.00,13.80,13.02,1.92,2.00,3.55,3.66,7.89,6.28,5.01,10.94,11.00,4.41,5.71,7.92,3.64
151567.00,1.65,1.65,0.00,0.00,6.32,6.15,1.08,1.04,1.64,1.72,5.47,3.78,5.10,5.72,5.91,2.38,2.74,2.24,1.36
154598.00,1.45,1.45,0.00,0.00,3.11,3.06,1.86,1.80,1.30,1.27,3.36,1.62,3.45,2.76,3.40,1.31,1.47,3.03,1.93
157690.00,1.69,1.69,0.00,0.00,4.86,4.84,2.28,2.27,1.77,1.76,2.21,1.51,2.38,1.85,1.79,1.46,1.28,5.30,3.06
160844.00,1.92,1.92,0.00,0.00,1.34,1.36,4.00,4.00,3.13,3.16,1.23,2.53,1.56,4.05,2.28,1.81,1.99,11.09,4.31
164061.00,1.62,1.62,0.00,0.00,2.91,2.91,4.96,4.98,3.74,3.75,2.12,1.51,2.92,4.61,4.33,3.08,2.75,6.43,2.49
167342.00,1.51,1.51,0.00,0.00,3.18,3.18,3.46,3.43,2.72,2.72,2.27,2.01,3.04,3.51,3.92,3.18,1.29,4.53,1.27
170689.00,1.97,1.98,0.00,0.00,5.08,5.05,4.14,5.05,4.09,4.03,3.78,3.63,2.37,1.81,4.05,4.09,2.01,4.80,3.02
174102.00,1.98,1.98,0.00,0.00,1.90,1.97,4.35,1.97,4.98,5.02,7.14,6.32,5.48,1.47,1.52,6.51,3.86,1.17,6.44
177584.00,1.53,1.54,0.00,0.00,2.27,2.25,2.01,2.25,1.92,1.92,4.24,3.38,4.11,2.61,2.03,4.38,4.41,2.44,4.98
181136.00,1.82,1.82,0.00,0.00,2.83,2.83,2.61,2.83,2.97,2.98,3.43,3.30,2.83,3.06,2.68,4.04,3.98,2.94,4.39
184759.00,2.28,2.28,0.00,0.00,5.64,5.71,7.10,5.71,7.35,7.38,3.76,3.49,3.12,5.92,4.07,7.94,8.24,5.96,9.23
188454.00,1.81,1.81,0.00,0.00,6.11,6.18,6.65,6.18,6.64,6.74,3.74,4.54,4.97,4.98,4.99,6.20,6.65,5.31,7.12
192223.00,1.72,1.72,0.00,0.00,4.14,4.13,4.42,4.13,4.51,4.48,3.70,3.79,4.07,4.10,4.06,4.40,4.43,4.31,4.84
196068.00,2.29,2.29,0.00,0.00,7.33,7.25,7.66,7.25,7.91,7.78,6.74,6.64,7.41,7.15,7.33,7.80,7.64,8.06,8.99
199989.00,2.02,2.03,0.00,0.00,8.09,8.04,7.80,8.04,7.80,7.72,7.13,6.42,7.72,6.14,6.79,7.31,7.11,7.50,8.26
203989.00,1.85,1.86,0.00,0.00,5.31,5.25,5.28,5.25,5.21,5.15,4.90,4.44,5.16,4.35,4.54,4.83,4.83,4.81,5.14
208069.00,2.38,2.39,0.00,0.00,9.23,9.18,9.44,9.18,8.83,8.73,0.00,5.94,8.14,5.85,6.14,7.12,7.06,7.14,7.83
212230.00,2.06,2.06,0.00,0.00,7.44,7.33,7.40,7.33,6.57,6.50,0.00,4.65,0.00,3.34,3.70,4.57,4.58,4.44,4.97
216474.00,2.08,2.08,0.00,0.00,5.72,5.66,5.32,5.66,4.70,4.68,0.00,4.04,0.00,3.61,3.87,3.80,4.07,4.26,4.44
220804.00,2.64,2.66,0.00,0.00,8.62,8.50,8.94,8.50,7.81,7.74,0.00,8.14,0.00,8.07,9.43,8.42,9.25,0.00,10.41
225220.00,2.00,2.01,0.00,0.00,4.50,4.46,4.97,4.46,4.90,4.83,0.00,5.79,0.00,5.12,6.01,5.87,6.29,0.00,6.54
229724.00,2.47,2.47,0.00,0.00,6.65,6.61,6.38,6.61,6.48,6.36,0.00,7.75,0.00,8.08,8.49,6.77,8.45,0.00,9.02
234319.00,2.78,2.79,0.00,0.00,11.86,11.68,11.39,11.68,11.36,11.15,0.00,10.69,0.00,13.70,15.48,7.42,13.83,0.00,14.29
239005.00,2.09,2.09,0.00,0.00,5.35,5.31,6.34,5.31,5.99,5.91,0.00,6.63,0.00,6.12,6.95,5.86,6.51,0.00,6.47
243785.00,2.94,2.94,0.00,0.00,14.30,14.15,13.81,14.15,12.01,11.81,0.00,15.59,0.00,5.88,13.73,12.61,10.58,0.00,10.25
248661.00,2.57,2.57,0.00,0.00,10.88,10.74,8.02,10.74,6.88,6.83,0.00,7.43,0.00,7.97,6.68,8.28,5.25,0.00,6.87
253634.00,2.68,2.67,0.00,0.00,12.96,12.96,5.56,12.96,6.81,6.80,0.00,9.45,0.00,10.73,10.59,9.37,8.21,0.00,4.24
258707.00,3.14,3.13,0.00,0.00,20.77,20.33,5.75,20.33,6.68,6.62,0.00,18.23,0.00,14.62,18.70,9.42,5.42,0.00,7.22
263881.00,2.54,2.54,0.00,0.00,8.95,8.81,4.63,8.81,4.12,4.12,0.00,8.32,0.00,8.09,9.98,6.20,2.85,0.00,4.54
269159.00,3.68,3.67,0.00,0.00,50.35,47.59,9.01,47.59,7.77,7.77,0.00,7.42,0.00,10.09,28.44,17.78,5.37,0.00,4.99
274542.00,2.61,2.61,0.00,0.00,9.56,9.43,5.87,9.43,5.49,5.44,0.00,2.31,0.00,1.88,5.49,6.68,4.82,0.00,3.98
280033.00,3.87,3.86,0.00,0.00,0.00,13.47,15.83,13.47,12.28,12.43,0.00,8.08,0.00,0.00,3.44,7.80,9.75,0.00,7.49
285633.00,3.13,3.13,0.00,0.00,0.00,7.50,10.01,7.50,8.42,8.37,0.00,2.46,0.00,0.00,1.49,1.48,4.55,0.00,5.93
291346.00,4.02,4.01,0.00,0.00,0.00,3.68,16.49,3.68,16.05,16.11,0.00,1.82,0.00,0.00,3.39,3.65,1.69,0.00,4.40
297173.00,3.79,3.79,0.00,0.00,0.00,2.45,1.60,2.45,7.27,7.27,0.00,4.82,0.00,0.00,6.84,7.10,4.97,0.00,6.17
303117.00,4.25,4.24,0.00,0.00,0.00,4.69,4.62,4.69,1.62,1.57,0.00,6.94,0.00,0.00,8.26,4.62,5.21,0.00,4.30
309179.00,4.13,4.12,0.00,0.00,0.00,4.69,5.89,4.69,4.92,4.95,0.00,8.10,0.00,0.00,9.19,6.74,9.12,0.00,5.48
315362.00,5.17,5.14,0.00,0.00,0.00,0.00,5.21,0.00,8.93,8.91,0.00,12.48,0.00,0.00,11.14,11.95,13.46,0.00,10.95
321670.00,4.29,4.29,0.00,0.00,0.00,0.00,8.45,0.00,7.80,7.77,0.00,11.85,0.00,0.00,11.91,11.55,12.17,0.00,11.43
328103.00,6.08,6.08,0.00,0.00,0.00,0.00,13.67,0.00,10.66,10.71,0.00,21.25,0.00,0.00,23.26,22.48,23.35,0.00,23.35
334665.00,4.48,4.47,0.00,0.00,0.00,0.00,12.87,0.00,11.93,11.75,0.00,11.15,0.00,0.00,13.43,13.14,13.65,0.00,11.78
341358.00,6.61,6.58,0.00,0.00,0.00,0.00,36.76,0.00,32.93,32.99,0.00,26.07,0.00,0.00,42.62,29.32,34.57,0.00,30.56
348186.00,4.72,4.70,0.00,0.00,0.00,0.00,13.91,0.00,13.71,13.55,0.00,13.23,0.00,0.00,13.25,13.06,12.13,0.00,11.16
355149.00,6.85,6.82,0.00,0.00,0.00,0.00,64.24,0.00,60.87,58.81,0.00,38.66,0.00,0.00,34.25,58.41,24.71,0.00,17.16
362252.00,5.64,5.61,0.00,0.00,0.00,0.00,21.42,0.00,21.18,20.93,0.00,15.93,0.00,0.00,18.27,17.36,15.36,0.00,15.80
369497.00,6.24,6.24,0.00,0.00,0.00,0.00,35.30,0.00,34.87,34.32,0.00,21.97,0.00,0.00,19.73,28.90,26.20,0.00,20.23
376887.00,7.92,7.89,0.00,0.00,0.00,0.00,85.43,0.00,79.20,84.19,0.00,18.55,0.00,0.00,61.97,68.04,36.40,0.00,25.77
384425.00,5.09,5.05,0.00,0.00,0.00,0.00,15.73,0.00,14.38,14.20,0.00,10.46,0.00,0.00,9.94,10.34,8.01,0.00,7.62
392114.00,9.03,8.96,0.00,0.00,0.00,0.00,83.59,0.00,68.72,75.92,0.00,17.04,0.00,0.00,14.04,10.18,55.90,0.00,25.23
400000.00,6.20,6.26,0.00,0.00,0.00,0.00,19.72,0.00,20.93,20.93,0.00,3.89,0.00,0.00,5.15,5.77,9.89,0.00,5.41
